logged_at,esp_millis,latency_ms,jitter_ms,loss_percent,throughput_mbps,rssi_dbm
2026-08-07T13:42:13,407655,3.65,1.92,0.0,2.89,-31
2026-08-07T13:42:34,428154,2.81,0.84,0.0,2.7,-19
2026-08-07T13:42:51,445891,2.57,1.08,0.0,3.32,-35
2026-08-07T13:43:08,462319,2.84,0.66,0.0,3.72,-40
2026-08-07T13:43:24,478902,2.72,0.8,0.0,3.66,-30
2026-08-07T13:43:44,498553,3.61,2.39,0.0,2.87,-31
2026-08-07T13:44:01,515725,5.55,6.55,0.0,3.5,-30
2026-08-07T13:44:18,532224,3.19,1.59,0.0,3.68,-37
2026-08-07T13:44:34,548862,2.87,0.96,0.0,3.65,-40
2026-08-07T13:44:52,566358,3.67,1.26,0.0,3.4,-19
2026-08-07T13:45:16,590262,3.04,1.39,0.0,2.19,-26
2026-08-07T13:45:39,613703,3.27,1.69,0.0,2.25,-35
2026-08-07T13:45:56,630309,3.37,2.02,0.0,3.64,-33
2026-08-07T13:46:17,651193,2.85,0.87,0.0,2.62,-37
2026-08-07T13:46:33,667807,7.25,8.01,0.0,3.66,-48
2026-08-07T13:46:52,686525,3.41,1.72,0.0,3.06,-33
2026-08-07T13:47:10,704899,2.6,0.48,0.0,3.14,-30
2026-08-07T13:47:27,721635,3.11,1.62,0.0,3.6,-25
2026-08-07T13:47:44,738353,3.05,0.86,0.0,3.63,-46
2026-08-07T13:48:01,755511,3.51,2.33,0.0,3.51,-34
2026-08-07T13:48:20,774462,3.0,1.37,0.0,3.0,-47
2026-08-07T13:48:37,791407,2.88,1.12,0.0,3.53,-40
2026-08-07T13:48:54,808159,2.8,0.91,0.0,3.6,-42
2026-08-07T13:49:12,826500,3.07,1.06,0.0,3.15,-39
2026-08-07T13:49:29,843585,3.05,1.36,0.0,3.49,-44
2026-08-07T13:49:46,860933,2.72,0.87,0.0,3.41,-42
2026-08-07T13:50:04,878092,2.76,0.6,0.0,3.47,-35
2026-08-07T13:50:31,905394,5.45,6.92,0.0,1.85,-30
2026-08-07T13:50:53,927413,2.95,1.28,0.0,2.44,-42
2026-08-07T13:51:10,944472,2.96,0.79,0.0,3.5,-41
2026-08-07T13:51:27,961532,3.74,1.4,0.0,3.5,-42
2026-08-07T13:51:44,978353,2.61,0.51,0.0,3.57,-50
2026-08-07T13:52:01,995225,3.11,1.37,0.0,3.56,-45
2026-08-07T13:52:18,1012015,3.78,1.17,0.0,3.59,-47
2026-08-07T13:52:37,1030985,2.63,0.69,0.0,3.0,-37
2026-08-07T13:52:58,1052095,2.32,0.62,0.0,2.6,-38
2026-08-07T13:53:16,1070771,2.39,0.22,0.0,3.08,-36
2026-08-07T13:53:35,1089508,2.99,1.07,0.0,3.05,-41
2026-08-07T13:53:55,1109389,2.75,1.03,0.0,2.81,-39
2026-08-07T13:54:11,1125943,3.16,1.68,0.0,3.66,-33
2026-08-07T13:54:30,1144746,2.6,0.71,0.0,3.05,-37
2026-08-07T13:54:47,1161512,4.39,3.53,0.0,3.62,-31
2026-08-07T13:55:04,1178162,3.13,0.73,0.0,3.63,-35
2026-08-07T13:55:20,1194776,2.46,0.64,0.0,3.65,-40
2026-08-07T13:55:38,1212885,2.47,0.44,0.0,3.21,-39
2026-08-07T13:55:58,1231986,5.79,7.41,0.0,2.98,-28
2026-08-07T13:56:15,1249496,5.7,7.83,0.0,3.39,-30
2026-08-07T13:56:32,1266592,2.54,0.51,0.0,3.5,-43
2026-08-07T13:56:50,1284576,2.39,0.32,0.0,3.24,-38
2026-08-07T13:57:08,1302036,2.82,1.5,0.0,3.38,-39
2026-08-07T13:57:24,1318566,2.57,0.51,0.0,3.67,-38
2026-08-07T13:57:41,1335518,2.77,1.05,0.0,3.53,-38
2026-08-07T13:57:59,1353600,2.94,2.29,0.0,3.21,-24
2026-08-07T13:58:16,1370884,2.53,0.72,0.0,3.43,-33
2026-08-07T13:58:33,1387806,2.2,0.6,0.0,3.54,-34
2026-08-07T13:58:50,1404912,2.61,1.04,0.0,3.48,-37
2026-08-07T13:59:07,1421958,2.89,1.11,0.0,3.5,-27
2026-08-07T13:59:25,1439295,2.83,1.01,0.0,3.41,-30
2026-08-07T13:59:42,1456339,3.46,1.83,0.0,3.5,-56
2026-08-07T13:59:59,1473191,2.46,0.53,0.0,3.56,-36
2026-08-07T14:00:18,1492593,2.41,0.31,0.0,2.9,-35
2026-08-07T14:00:36,1510317,8.63,13.3,0.0,3.32,-42
2026-08-07T14:00:55,1529665,3.26,1.3,0.0,2.92,-26
2026-08-07T14:01:13,1547730,2.7,0.84,0.0,3.22,-32
2026-08-07T14:01:30,1564530,3.14,1.02,0.0,3.58,-47
2026-08-07T14:01:47,1581301,2.5,0.62,0.0,3.59,-41
2026-08-07T14:02:06,1600353,7.28,8.14,0.0,2.99,-48
2026-08-07T14:02:22,1616928,2.59,0.8,0.0,3.65,-45
2026-08-07T14:02:39,1633690,3.1,1.74,0.0,3.59,-43
2026-08-07T14:02:56,1650322,2.58,0.84,0.0,3.64,-41
2026-08-07T14:03:13,1666977,2.88,1.3,0.0,3.63,-43
2026-08-07T14:03:29,1683805,3.01,1.54,0.0,3.57,-38
2026-08-07T14:03:46,1700912,2.56,1.09,0.0,3.48,-31
2026-08-07T14:04:04,1718410,3.53,1.22,0.0,3.37,-26
2026-08-07T14:04:21,1735807,2.89,1.16,0.0,3.4,-32
2026-08-07T14:04:42,1756802,2.45,0.8,0.0,2.6,-27
2026-08-07T14:05:00,1774767,3.2,1.43,0.0,3.25,-39
2026-08-07T14:05:20,1794062,3.38,1.64,0.0,2.93,-30
2026-08-07T14:05:41,1815095,3.29,1.53,0.0,2.6,-34
2026-08-07T14:05:58,1832810,3.14,1.58,0.0,3.31,-18
2026-08-07T14:06:17,1851833,3.12,1.65,0.0,2.99,-34
2026-08-07T14:06:38,1872559,10.36,17.51,0.0,2.66,-35
2026-08-07T14:06:58,1892075,3.49,1.22,0.0,2.89,-32
2026-08-07T14:07:16,1910268,3.1,1.6,0.0,3.21,-27
2026-08-07T14:07:34,1928114,3.23,1.65,0.0,3.28,-29
2026-08-07T14:07:51,1945065,2.91,1.02,0.0,3.53,-25
2026-08-07T14:08:09,1963252,3.11,1.24,0.0,3.19,-32
2026-08-07T14:08:26,1980531,2.6,0.73,0.0,3.46,-29
2026-08-07T14:08:43,1997553,3.65,2.08,0.0,3.52,-30
2026-08-07T14:09:01,2015044,2.93,1.47,0.0,3.37,-31
2026-08-07T14:09:17,2031652,3.07,1.71,0.0,3.65,-30
2026-08-07T14:09:34,2048283,3.06,1.34,0.0,3.66,-29
2026-08-07T14:09:51,2065412,2.7,0.83,0.0,3.5,-31
2026-08-07T14:10:08,2082305,2.56,0.57,0.0,3.56,-29
2026-08-07T14:10:25,2099164,3.14,1.3,0.0,3.57,-26
2026-08-07T14:10:41,2115729,3.07,1.11,0.0,3.68,-26
2026-08-07T14:10:58,2131996,2.76,1.31,0.0,3.76,-30
2026-08-07T14:11:15,2149390,2.73,0.35,0.0,3.4,-21
2026-08-07T14:11:33,2167242,3.11,1.1,0.0,3.28,-27
2026-08-07T14:11:50,2184848,3.06,1.23,0.0,3.36,-29
2026-08-07T14:12:10,2204282,4.38,3.92,0.0,2.92,-31
2026-08-07T14:12:29,2223174,2.89,1.04,0.0,3.02,-30
2026-08-07T14:12:48,2242502,2.82,0.81,0.0,2.93,-30
2026-08-07T14:13:07,2261556,2.91,1.37,0.0,2.98,-30
2026-08-07T14:13:26,2280309,2.78,0.98,0.0,3.07,-31
2026-08-07T14:13:46,2300112,2.19,0.66,0.0,2.84,-31
2026-08-07T14:14:06,2320010,2.97,2.13,0.0,2.81,-31
2026-08-07T14:14:24,2338617,3.69,2.13,0.0,3.11,-31
2026-08-07T14:14:42,2356744,2.87,1.33,0.0,3.21,-31
2026-08-07T14:15:01,2375063,4.61,1.7,0.0,3.16,-30
2026-08-07T14:15:18,2392931,3.03,1.47,0.0,3.28,-30
2026-08-07T14:15:37,2411390,2.64,1.51,0.0,3.14,-31
2026-08-07T14:15:56,2430778,3.03,1.61,0.0,2.92,-33
2026-08-07T14:16:15,2449372,2.27,0.59,0.0,3.09,-29
2026-08-07T14:16:33,2467468,3.35,1.71,0.0,3.22,-31
2026-08-07T14:16:52,2486095,2.42,0.41,0.0,3.1,-27
2026-08-07T14:17:10,2504839,3.42,1.49,0.0,3.08,-30
2026-08-07T14:17:29,2523171,2.59,0.7,0.0,3.16,-30
2026-08-07T14:17:48,2542298,2.53,0.51,0.0,2.96,-31
2026-08-07T14:18:06,2560704,2.96,1.38,0.0,3.14,-31
2026-08-07T14:18:25,2579653,2.83,0.67,0.0,3.02,-30
2026-08-07T14:18:44,2598999,2.65,0.62,0.0,2.93,-30
2026-08-07T14:19:03,2617439,2.72,0.76,0.0,3.12,-29
2026-08-07T14:19:21,2635484,2.59,0.6,0.0,3.24,-31
2026-08-07T14:19:39,2653397,2.99,1.46,0.0,3.29,-30
2026-08-07T14:19:57,2671280,2.69,0.58,0.0,3.27,-32
2026-08-07T14:20:14,2688656,2.86,1.34,0.0,3.43,-30
2026-08-07T14:20:33,2707805,3.22,1.63,0.0,2.96,-30
2026-08-07T14:20:52,2726089,3.03,1.65,0.0,3.19,-29
2026-08-07T14:21:09,2743536,2.68,0.49,0.0,3.4,-26
2026-08-07T14:21:28,2762282,3.34,2.41,0.0,3.05,-29
2026-08-07T14:21:47,2781035,10.16,9.1,0.0,3.06,-31
2026-08-07T14:22:07,2801730,9.42,15.28,0.0,2.67,-30
2026-08-07T14:22:27,2821291,3.21,1.34,0.0,2.89,-31
2026-08-07T14:22:46,2840550,3.74,0.78,0.0,2.95,-29
2026-08-07T14:23:05,2859173,3.11,1.52,0.0,3.08,-29
2026-08-07T14:23:28,2882105,2.59,0.99,0.0,2.32,-30
2026-08-07T14:23:47,2901691,3.2,1.26,0.0,2.89,-30
2026-08-07T14:24:19,2933393,3.29,1.48,0.0,1.54,-30
2026-08-07T14:24:52,2966865,37.05,28.06,0.0,1.46,-29
2026-08-07T14:25:11,2985393,2.56,0.42,0.0,3.11,-32
2026-08-07T14:25:29,3003605,2.3,0.45,0.0,3.19,-31
2026-08-07T14:25:49,3023422,2.93,1.31,0.0,2.82,-29
2026-08-07T14:26:08,3042683,5.52,3.56,0.0,2.95,-30
2026-08-07T14:26:26,3060896,3.41,1.71,0.0,3.2,-31
2026-08-07T14:26:45,3079411,3.59,1.75,0.0,3.1,-30
2026-08-07T14:27:04,3098586,2.47,0.55,0.0,2.96,-30
2026-08-07T14:27:23,3117454,2.97,1.28,0.0,3.02,-31
2026-08-07T14:27:42,3136924,5.0,5.27,0.0,2.9,-30
2026-08-07T14:28:01,3155098,3.87,3.33,0.0,3.2,-28
2026-08-07T14:28:18,3173006,2.44,0.47,0.0,3.26,-22
2026-08-07T14:28:38,3192750,3.93,2.09,0.0,2.86,-30
2026-08-07T14:28:57,3211299,3.18,1.26,0.0,3.1,-31
2026-08-07T14:29:16,3230239,2.91,0.79,0.0,3.0,-30
2026-08-07T14:29:36,3250164,2.94,1.36,0.0,2.8,-29
2026-08-07T14:29:55,3269520,2.56,0.82,0.0,2.93,-31
2026-08-07T14:30:15,3289058,2.9,1.24,0.0,2.89,-31
2026-08-07T14:30:33,3307375,3.73,2.36,0.0,3.18,-30
2026-08-07T14:30:51,3325693,2.59,0.53,0.0,3.17,-29
2026-08-07T14:31:09,3343652,3.24,0.86,0.0,3.25,-28
2026-08-07T14:31:28,3362149,2.95,1.53,0.0,3.13,-29
2026-08-07T14:31:47,3381250,2.84,1.06,0.0,2.97,-29
2026-08-07T14:32:05,3399489,2.93,1.06,0.0,3.19,-30
2026-08-07T14:32:23,3417728,5.56,4.97,0.0,3.18,-30
2026-08-07T14:32:42,3436447,3.08,1.87,0.0,3.06,-31
2026-08-07T14:33:01,3455224,2.74,0.71,0.0,3.06,-30
2026-08-07T14:33:19,3473980,3.21,1.74,0.0,3.05,-31
2026-08-07T14:33:38,3492385,2.76,0.88,0.0,3.16,-30
2026-08-07T14:33:56,3510430,3.17,1.55,0.0,3.23,-29
2026-08-07T14:34:14,3528478,3.32,1.69,0.0,3.23,-29
2026-08-07T14:34:32,3546646,3.23,1.52,0.0,3.19,-30
2026-08-07T14:34:51,3565943,2.89,0.75,0.0,2.94,-28
2026-08-07T14:35:09,3583592,5.35,5.43,0.0,3.36,-29
2026-08-07T14:35:27,3601625,3.2,1.99,0.0,3.22,-31
2026-08-07T14:35:45,3619640,2.79,0.81,0.0,3.24,-29
2026-08-07T14:36:03,3637304,2.77,0.92,0.0,3.34,-30
2026-08-07T14:36:21,3655890,3.51,2.69,0.0,3.12,-30
2026-08-07T14:36:40,3674825,4.92,4.16,0.0,3.04,-29
2026-08-07T14:36:58,3692877,3.35,1.15,0.0,3.22,-30
2026-08-07T14:37:17,3711522,3.19,1.2,0.0,3.08,-33
2026-08-07T14:37:37,3731495,3.06,1.22,0.0,2.8,-30
2026-08-07T14:37:56,3750670,3.61,2.22,0.0,2.95,-29
2026-08-07T14:38:15,3769553,3.16,1.3,0.0,3.02,-29
2026-08-07T14:38:33,3787931,3.52,1.63,0.0,3.16,-31
2026-08-07T14:38:53,3807414,2.28,0.39,0.0,2.89,-29
2026-08-07T14:39:11,3826014,3.64,2.44,0.0,3.13,-29
2026-08-07T14:39:31,3845678,2.57,0.59,0.0,2.85,-30
2026-08-07T14:39:50,3864436,3.25,1.45,0.0,3.08,-29
2026-08-07T14:40:09,3883753,3.12,1.49,0.0,2.95,-31
2026-08-07T14:40:29,3903186,3.52,1.83,0.0,2.91,-30
2026-08-07T14:40:49,3923643,4.06,1.97,0.0,2.71,-31
2026-08-07T14:41:08,3942743,2.5,0.9,0.0,2.97,-30
2026-08-07T14:41:27,3961964,2.83,0.58,0.0,2.95,-31
2026-08-07T14:41:46,3980910,2.97,1.12,0.0,3.02,-26
2026-08-07T14:42:04,3998963,2.49,0.63,0.0,3.22,-31
2026-08-07T14:42:23,4017623,2.78,0.63,0.0,3.08,-27
2026-08-07T14:42:42,4037018,2.94,1.67,0.0,2.91,-31
2026-08-07T14:43:01,4056020,2.88,0.49,0.0,3.01,-30
2026-08-07T14:43:20,4074764,2.6,0.51,0.0,3.06,-30
2026-08-07T14:43:39,4093966,3.24,0.98,0.0,2.95,-29
2026-08-07T14:43:58,4112923,2.28,0.41,0.0,3.02,-31
2026-08-07T14:44:18,4132880,2.41,0.27,0.0,2.79,-29
2026-08-07T14:44:38,4152626,3.08,1.35,0.0,2.83,-29
2026-08-07T14:44:58,4172201,3.99,1.74,0.0,2.88,-30
2026-08-07T14:45:17,4191121,3.12,1.49,0.0,3.03,-29
2026-08-07T14:45:35,4209695,2.36,0.2,0.0,3.11,-30
2026-08-07T14:45:54,4228476,2.33,0.25,0.0,3.05,-32
2026-08-07T14:46:13,4247188,2.23,0.37,0.0,3.06,-31
2026-08-07T14:46:31,4265676,2.54,0.5,0.0,3.12,-29
2026-08-07T14:46:50,4284679,2.42,0.77,0.0,3.02,-30
2026-08-07T14:47:08,4302861,3.26,1.39,0.0,3.19,-30
2026-08-07T14:47:27,4321815,2.81,0.9,0.0,3.02,-32
2026-08-07T14:47:46,4340525,2.77,1.16,0.0,3.07,-31
2026-08-07T14:48:04,4358511,2.4,0.24,0.0,3.24,-31
2026-08-07T14:48:22,4376864,3.12,1.39,0.0,3.15,-29
2026-08-07T14:48:40,4394644,2.56,0.55,0.0,3.29,-30
2026-08-07T14:48:59,4413194,4.0,3.2,0.0,3.11,-30
2026-08-07T14:49:17,4431985,3.2,1.76,0.0,3.05,-31
2026-08-07T14:49:36,4450390,2.56,0.48,0.0,3.15,-29
2026-08-07T14:49:54,4468760,3.63,2.16,0.0,3.14,-28
2026-08-07T14:50:13,4487751,2.97,1.59,0.0,3.01,-30
2026-08-07T14:50:31,4505744,2.93,1.39,0.0,3.24,-26
2026-08-07T14:50:49,4523177,2.37,0.25,0.0,3.4,-32
2026-08-07T14:51:07,4541390,2.41,0.56,0.0,3.19,-30
2026-08-07T14:51:25,4559459,2.78,1.06,0.0,3.23,-32
2026-08-07T14:51:43,4577862,2.34,0.24,0.0,3.13,-29
2026-08-07T14:52:03,4597330,2.53,0.41,0.0,2.9,-29
2026-08-07T14:52:21,4615731,3.71,1.88,0.0,3.19,-30
2026-08-07T14:52:39,4633950,3.83,3.06,0.0,3.19,-26
2026-08-07T14:52:58,4652418,2.62,0.58,0.0,3.11,-29
2026-08-07T14:53:16,4670922,2.72,1.09,0.0,3.11,-31
2026-08-07T14:53:35,4689096,2.31,0.18,0.0,3.2,-30
2026-08-07T14:53:54,4708973,4.67,2.9,0.0,2.81,-30
2026-08-07T14:54:13,4727210,9.0,14.27,0.0,3.2,-29
2026-08-07T14:54:32,4746404,3.48,0.77,0.0,2.97,-31
2026-08-07T14:54:52,4766681,4.84,5.06,0.0,2.74,-30
2026-08-07T14:55:12,4786579,2.93,1.37,0.0,2.81,-30
2026-08-07T14:55:32,4806467,5.97,6.02,0.0,2.82,-30
2026-08-07T14:55:51,4825376,2.96,1.54,0.0,3.03,-30
2026-08-07T14:56:09,4843219,11.22,15.6,0.0,3.31,-30
2026-08-07T14:56:26,4860354,2.72,0.83,0.0,3.51,-28
2026-08-07T14:56:44,4878401,3.07,1.82,0.0,3.24,-29
2026-08-07T14:57:02,4896994,3.82,2.77,0.0,3.1,-30
2026-08-07T14:57:20,4914530,2.91,1.57,0.0,3.38,-31
2026-08-07T14:57:37,4931874,4.28,2.32,0.0,3.43,-28
2026-08-07T14:57:56,4950486,2.73,1.72,0.0,3.09,-28
2026-08-07T14:58:15,4969080,2.83,0.89,0.0,3.08,-28
2026-08-07T14:58:33,4987615,20.2,35.81,0.0,3.15,-29
2026-08-07T14:58:51,5005788,8.92,7.2,0.0,3.2,-29
2026-08-07T14:59:09,5023202,2.85,0.89,0.0,3.41,-29
2026-08-07T14:59:26,5040654,2.73,1.09,0.0,3.39,-28
2026-08-07T14:59:44,5059053,3.04,1.39,0.0,3.13,-29
2026-08-07T15:00:02,5076690,4.36,2.77,0.0,3.37,-28
2026-08-07T15:00:20,5094471,3.13,1.86,0.0,3.32,-31
2026-08-07T15:00:37,5111721,3.32,2.4,0.0,3.45,-29
2026-08-07T15:00:55,5129627,2.85,2.17,0.0,3.28,-28
2026-08-07T15:01:13,5147413,2.65,0.83,0.0,3.29,-29
2026-08-07T15:01:31,5165182,3.99,2.1,0.0,3.31,-28
2026-08-07T15:01:49,5183603,2.79,0.72,0.0,3.15,-30
2026-08-07T15:02:07,5201880,3.58,2.55,0.0,3.16,-30
2026-08-07T15:02:25,5219568,2.5,0.58,0.0,3.33,-29
2026-08-07T15:02:44,5238998,4.05,2.68,0.0,2.91,-31
2026-08-07T15:03:03,5257623,2.79,1.12,0.0,3.1,-31
2026-08-07T15:03:21,5275744,2.99,1.39,0.0,3.21,-31
2026-08-07T15:03:39,5293226,2.82,1.19,0.0,3.38,-30
2026-08-07T15:03:56,5310625,2.83,0.79,0.0,3.4,-30
2026-08-07T15:04:14,5328958,2.73,0.79,0.0,3.16,-31
2026-08-07T15:04:32,5347046,3.92,2.74,0.0,3.21,-29
2026-08-07T15:04:51,5365728,2.81,1.23,0.0,3.09,-29
2026-08-07T15:05:10,5384387,2.92,0.99,0.0,3.07,-30
2026-08-07T15:05:28,5402124,2.91,0.82,0.0,3.31,-29
2026-08-07T15:05:46,5420817,2.63,0.61,0.0,3.09,-31
2026-08-07T15:06:04,5438783,2.34,0.24,0.0,3.26,-29
2026-08-07T15:06:23,5457593,2.7,0.88,0.0,3.06,-31
2026-08-07T15:06:41,5475472,4.63,3.22,0.0,3.28,-30
2026-08-07T15:06:59,5493768,8.75,12.31,0.0,3.18,-31
2026-08-07T15:07:18,5512327,2.57,1.32,0.0,3.1,-30
2026-08-07T15:07:36,5530634,3.46,1.54,0.0,3.16,-31
2026-08-07T15:07:54,5548913,2.9,0.9,0.0,3.16,-29
2026-08-07T15:08:12,5566419,3.08,1.14,0.0,3.38,-30
2026-08-07T15:08:30,5584365,3.03,0.67,0.0,3.26,-31
2026-08-07T15:08:47,5602000,3.42,1.56,0.0,3.33,-31
2026-08-07T15:09:07,5621182,3.04,1.36,0.0,2.95,-29
2026-08-07T15:09:25,5639815,2.47,0.39,0.0,3.1,-31
2026-08-07T15:09:43,5657411,2.49,1.42,0.0,3.34,-31
2026-08-07T15:10:01,5675352,2.57,0.67,0.0,3.28,-29
2026-08-07T15:13:13,175308,3.68,1.43,0.0,3.63,-23
2026-08-07T15:13:34,195619,10.71,18.74,0.0,2.74,-22
2026-08-07T15:13:51,212908,3.56,1.69,0.0,3.45,-20
2026-08-07T15:14:12,234307,3.37,1.69,0.0,2.55,-29
2026-08-07T15:14:34,256508,2.49,0.72,0.0,2.42,-36
2026-08-07T15:14:55,276563,2.95,0.84,0.0,2.77,-38
2026-08-07T15:15:12,293730,2.52,0.34,0.0,3.47,-37
2026-08-07T15:15:29,311120,3.74,2.35,0.0,3.4,-39
2026-08-07T15:15:48,330284,2.62,0.85,0.0,2.95,-26
2026-08-07T15:16:09,351049,3.25,1.3,0.0,2.64,-20
2026-08-07T15:16:31,373181,3.43,1.68,0.0,2.43,-22
2026-08-07T15:16:52,394224,3.19,1.41,0.0,2.6,-25
2026-08-07T15:17:12,413947,3.31,1.98,0.0,2.84,-30
2026-08-07T15:17:32,433696,3.12,0.94,0.0,2.84,-22
2026-08-07T15:17:54,456154,10.86,11.51,0.0,2.39,-23
2026-08-07T15:18:19,480745,2.56,0.95,0.0,2.12,-25
2026-08-07T15:18:41,502900,2.72,1.23,0.0,2.42,-23
2026-08-07T15:18:59,521014,2.81,1.42,0.0,3.2,-21
2026-08-07T15:19:16,537750,2.44,0.3,0.0,3.6,-23
2026-08-07T15:19:32,554233,2.3,0.27,0.0,3.71,-20
2026-08-07T15:19:49,571104,2.53,0.59,0.0,3.56,-23
2026-08-07T15:20:07,588731,2.32,0.96,0.0,3.34,-20
2026-08-07T15:20:24,605646,2.86,0.88,0.0,3.54,-21
2026-08-07T15:20:41,623360,4.34,1.59,0.0,3.31,-21
2026-08-07T15:21:00,642331,2.29,0.21,0.0,3.01,-24
2026-08-07T15:21:19,661133,3.11,1.05,0.0,3.04,-22
2026-08-07T15:21:37,679021,3.09,1.92,0.0,3.26,-23
2026-08-07T15:21:55,696866,2.92,1.1,0.0,3.28,-21
2026-08-07T15:22:16,718130,2.99,1.46,0.0,2.57,-23
2026-08-07T15:22:35,737500,2.79,0.79,0.0,2.91,-23
2026-08-07T15:22:57,758883,12.39,23.13,0.0,2.57,-31
2026-08-07T15:23:18,780110,2.83,1.24,0.0,2.56,-22
2026-08-07T15:23:42,804244,3.47,2.25,0.0,2.16,-31
2026-08-07T15:24:00,821719,2.68,0.76,0.0,3.38,-38
2026-08-07T15:24:16,838442,2.25,1.17,0.0,3.6,-41
2026-08-07T15:24:33,855056,3.42,1.23,0.0,3.65,-39
2026-08-07T15:24:52,873924,2.39,1.0,0.0,3.02,-35
2026-08-07T15:25:09,890576,2.6,1.02,0.0,3.63,-47
2026-08-07T15:25:27,908727,3.24,1.67,0.0,3.2,-31
2026-08-07T15:25:45,927221,3.88,3.35,0.0,3.13,-35
2026-08-07T15:26:07,949110,2.87,0.85,0.0,2.46,-30
2026-08-07T15:26:31,973014,3.81,2.06,0.0,2.19,-27
2026-08-07T15:26:52,994471,3.45,2.41,0.0,2.53,-23
2026-08-07T15:27:15,1016906,2.87,0.71,0.0,2.39,-23
2026-08-07T15:27:36,1038086,2.97,1.48,0.0,2.58,-18
2026-08-07T15:27:54,1056112,2.92,1.12,0.0,3.24,-40
2026-08-07T15:28:11,1072792,2.82,1.17,0.0,3.63,-37
2026-08-07T15:28:28,1090044,3.06,1.38,0.0,3.44,-20
2026-08-07T15:28:46,1108296,2.93,1.06,0.0,3.17,-27
2026-08-07T15:29:04,1126005,2.77,1.5,0.0,3.31,-42
2026-08-07T15:29:22,1143672,3.54,1.97,0.0,3.32,-34
2026-08-07T15:29:39,1161540,5.23,5.39,0.0,3.28,-40
2026-08-07T15:29:58,1180258,2.61,0.72,0.0,3.08,-27
2026-08-07T15:30:17,1198728,2.86,1.2,0.0,3.12,-24
2026-08-07T15:30:34,1216011,3.14,2.13,0.0,3.44,-32
2026-08-07T15:30:55,1237498,2.76,1.02,0.0,2.53,-32
2026-08-07T15:31:16,1258435,3.07,1.05,0.0,2.62,-31
2026-08-07T15:31:36,1277614,3.76,1.18,0.0,2.97,-30
2026-08-07T15:31:54,1295778,2.3,0.29,0.0,3.2,-35
2026-08-07T15:32:11,1312818,5.23,4.64,0.0,3.52,-36
2026-08-07T15:32:27,1329258,3.28,1.18,0.0,3.72,-35
2026-08-07T15:32:45,1346947,2.97,1.16,0.0,3.32,-40
2026-08-07T15:33:04,1365621,2.85,0.61,0.0,3.07,-26
2026-08-07T15:33:21,1382829,2.51,0.65,0.0,3.49,-22
2026-08-07T15:33:37,1399565,2.91,1.16,0.0,3.64,-21
2026-08-07T15:33:54,1416337,2.75,0.95,0.0,3.61,-23
2026-08-07T15:34:11,1433085,3.74,2.35,0.0,3.62,-20
2026-08-07T15:34:28,1449851,3.15,1.58,0.0,3.6,-23
2026-08-07T15:34:44,1466551,2.73,1.38,0.0,3.62,-21
2026-08-07T15:35:01,1482999,3.42,2.54,0.0,3.71,-20
2026-08-07T15:35:18,1499588,2.97,1.21,0.0,3.65,-23
2026-08-07T15:35:35,1516854,2.76,0.6,0.0,3.46,-22
2026-08-07T15:35:51,1533428,3.08,0.91,0.0,3.66,-21
2026-08-07T15:36:08,1550232,3.65,2.57,0.0,3.59,-22
2026-08-07T15:36:25,1566651,3.4,1.95,0.0,3.72,-22
2026-08-07T15:36:41,1583488,4.07,1.74,0.0,3.6,-24
2026-08-07T15:36:58,1600249,3.22,1.14,0.0,3.61,-24
2026-08-07T15:37:16,1617614,3.07,1.28,0.0,3.43,-24
2026-08-07T15:37:33,1634789,3.11,1.56,0.0,3.47,-21
2026-08-07T15:37:50,1651654,3.6,1.8,0.0,3.58,-22
2026-08-07T15:38:06,1668232,2.93,0.98,0.0,3.68,-21
2026-08-07T15:38:23,1684974,2.87,1.22,0.0,3.6,-21
2026-08-07T15:38:41,1703270,3.05,1.17,0.0,3.18,-21
2026-08-07T15:38:58,1719840,3.74,2.17,0.0,3.68,-22
2026-08-07T15:39:14,1736327,3.27,1.28,0.0,3.68,-22
2026-08-07T15:39:31,1753331,3.23,2.14,0.0,3.55,-21
2026-08-07T15:39:48,1769868,5.19,2.18,0.0,3.7,-23
2026-08-07T15:40:04,1786461,3.41,1.87,0.0,3.65,-22
2026-08-07T15:40:22,1803724,3.07,1.53,0.0,3.45,-23
2026-08-07T15:40:39,1820664,2.94,0.78,0.0,3.56,-21
2026-08-07T15:40:55,1837484,2.86,1.28,0.0,3.57,-22
2026-08-07T15:41:12,1854379,2.94,1.47,0.0,3.56,-23
2026-08-07T15:41:29,1871003,3.43,1.64,0.0,3.64,-22
2026-08-07T15:41:46,1887936,2.89,0.95,0.0,3.54,-22
2026-08-07T15:42:03,1904712,2.77,0.67,0.0,3.6,-23
2026-08-07T15:42:19,1921319,2.48,0.54,0.0,3.66,-23
2026-08-07T15:42:37,1939191,2.93,1.21,0.0,3.27,-22
2026-08-07T15:42:55,1956612,2.93,1.42,0.0,3.42,-23
2026-08-07T15:43:17,1979550,7.56,2.5,0.0,2.32,-24
2026-08-07T15:43:36,1998004,3.74,1.83,0.0,3.16,-22
2026-08-07T15:43:54,2015810,4.32,2.71,0.0,3.3,-23
2026-08-07T15:44:17,2038672,7.91,6.97,0.0,2.33,-23
2026-08-07T15:44:42,2063653,17.85,10.82,0.0,2.1,-22
2026-08-07T15:45:01,2083602,3.33,1.92,0.0,2.8,-22
2026-08-07T15:45:21,2103136,2.95,0.92,0.0,2.89,-22
2026-08-07T15:45:38,2120379,3.91,2.49,0.0,3.46,-21
2026-08-07T15:45:55,2137178,2.49,0.75,0.0,3.58,-23
2026-08-07T15:46:13,2154801,4.22,3.67,0.0,3.35,-20
2026-08-07T15:46:30,2172198,3.93,1.41,0.0,3.41,-24
2026-08-07T15:46:48,2190496,3.65,2.19,0.0,3.17,-20
2026-08-07T15:47:10,2212159,6.14,4.91,0.0,2.52,-22
2026-08-07T15:47:28,2229645,4.28,3.61,0.0,3.38,-22
2026-08-07T15:47:49,2250996,3.42,2.54,0.0,2.55,-22
2026-08-07T15:48:12,2274470,8.14,7.19,0.0,2.25,-24
2026-08-07T15:48:35,2296722,5.39,2.82,0.0,2.41,-22
2026-08-07T15:48:56,2318341,7.17,8.84,0.0,2.51,-23
2026-08-07T15:49:19,2341155,11.38,8.34,0.0,2.34,-23
2026-08-07T15:49:38,2359919,4.2,2.08,0.0,3.07,-22
2026-08-07T15:49:58,2380466,3.28,1.45,0.0,2.69,-22
2026-08-07T15:50:20,2401725,3.78,1.74,0.0,2.59,-21
2026-08-07T15:50:38,2420174,7.0,5.36,0.0,3.15,-20
2026-08-07T15:50:58,2440189,8.21,6.23,0.0,2.8,-21
2026-08-07T15:51:16,2458007,2.49,0.46,0.0,3.3,-22
2026-08-07T15:51:34,2476315,2.6,0.31,0.0,3.17,-22
2026-08-07T15:51:53,2495460,8.02,5.73,0.0,2.98,-22
2026-08-07T15:52:12,2513849,4.33,2.31,0.0,3.15,-24
2026-08-07T15:52:29,2531453,4.04,2.95,0.0,3.34,-21
2026-08-07T15:52:48,2549766,8.62,8.17,0.0,3.19,-22
2026-08-07T15:53:05,2566833,4.14,1.52,0.0,3.51,-21
2026-08-07T15:53:23,2585258,3.62,1.62,0.0,3.14,-21
2026-08-07T15:53:42,2603780,2.97,2.01,0.0,3.12,-24
2026-08-07T15:53:59,2620722,2.54,0.46,0.0,3.53,-21
2026-08-07T15:54:15,2637252,3.84,1.76,0.0,3.69,-21
2026-08-07T15:54:32,2653686,2.99,1.27,0.0,3.74,-21
2026-08-07T15:54:48,2670545,2.34,0.58,0.0,3.58,-21
2026-08-07T15:55:05,2687311,2.74,0.91,0.0,3.59,-22
2026-08-07T15:55:23,2705206,3.9,2.81,0.0,3.27,-22
2026-08-07T15:55:42,2724396,2.6,0.73,0.0,2.98,-22
2026-08-07T15:56:01,2742875,10.89,13.69,0.0,3.14,-21
2026-08-07T15:56:17,2759604,2.54,0.65,0.0,3.63,-22
2026-08-07T15:56:35,2777031,7.41,9.49,0.0,3.43,-22
2026-08-07T15:56:53,2795067,2.67,0.71,0.0,3.25,-23
2026-08-07T15:57:11,2813062,3.35,2.18,0.0,3.24,-21
2026-08-07T15:57:29,2831467,4.46,4.45,0.0,3.14,-21
2026-08-07T15:57:46,2848153,2.43,0.39,0.0,3.64,-20
2026-08-07T15:58:02,2864539,3.23,1.8,0.0,3.74,-20
2026-08-07T15:58:21,2883554,7.11,8.22,0.0,3.0,-21
2026-08-07T15:58:38,2900408,2.86,1.02,0.0,3.59,-24
2026-08-07T15:58:55,2916891,2.82,1.25,0.0,3.7,-22
2026-08-07T15:59:14,2936370,2.61,1.11,0.0,2.89,-22
2026-08-07T15:59:43,2964802,6.42,4.04,0.0,1.76,-22
2026-08-07T16:00:00,2981889,2.68,1.02,0.0,3.49,-21
2026-08-07T16:00:18,3000611,2.76,0.81,0.0,3.07,-21
2026-08-07T16:00:35,3017309,2.5,0.58,0.0,3.64,-20
2026-08-07T16:00:53,3034649,5.96,6.24,0.0,3.44,-21
2026-08-07T16:01:09,3051537,3.51,1.45,0.0,3.6,-20
2026-08-07T16:01:27,3069306,2.89,1.38,0.0,3.31,-21
2026-08-07T16:01:45,3086861,4.39,1.66,0.0,3.38,-20
2026-08-07T16:02:01,3103457,2.4,0.2,0.0,3.64,-21
2026-08-07T16:02:18,3119813,2.66,0.59,0.0,3.74,-23
2026-08-07T16:02:34,3136392,3.61,1.76,0.0,3.65,-21
2026-08-07T16:02:53,3154824,2.72,1.09,0.0,3.12,-23
2026-08-07T16:03:12,3173803,7.47,5.54,0.0,3.04,-20
2026-08-07T16:03:28,3190578,3.08,1.53,0.0,3.6,-21
2026-08-07T16:03:45,3207360,3.05,1.07,0.0,3.61,-20
2026-08-07T16:04:04,3226511,6.09,4.7,0.0,3.04,-21
2026-08-07T16:04:23,3245582,2.3,1.07,0.0,2.99,-20
2026-08-07T16:04:40,3262270,2.55,0.48,0.0,3.63,-21
2026-08-07T16:04:57,3279563,2.66,0.83,0.0,3.43,-21
2026-08-07T16:05:14,3296311,3.49,1.47,0.0,3.62,-20
2026-08-07T16:05:31,3312760,3.71,1.8,0.0,3.7,-20
2026-08-07T16:05:50,3332125,8.11,8.45,0.0,2.97,-21
2026-08-07T16:06:09,3350837,5.03,3.68,0.0,3.07,-20
2026-08-07T16:06:27,3369484,6.37,4.41,0.0,3.09,-20
2026-08-07T16:06:45,3387102,3.0,0.94,0.0,3.35,-21
2026-08-07T16:07:03,3404761,8.21,9.16,0.0,3.34,-22
2026-08-07T16:07:20,3422307,2.8,0.94,0.0,3.36,-22
2026-08-07T16:07:42,3443960,9.56,9.19,0.0,2.56,-21
2026-08-07T16:08:00,3462187,12.83,18.77,0.0,3.2,-20
2026-08-07T16:08:19,3480715,3.4,1.84,0.0,3.1,-21
2026-08-07T16:08:39,3500881,3.28,1.03,0.0,2.76,-20
2026-08-07T16:09:01,3523008,6.38,7.09,0.0,2.43,-21
2026-08-07T16:09:20,3541735,6.03,4.91,0.0,3.09,-21
2026-08-07T16:09:37,3559327,7.53,7.3,0.0,3.39,-22
2026-08-07T16:09:57,3579269,3.07,1.99,0.0,2.81,-20
2026-08-07T16:10:16,3597820,6.94,3.5,0.0,3.12,-21
2026-08-07T16:10:35,3617367,2.58,0.87,0.0,2.89,-21
2026-08-07T16:10:53,3634779,5.6,6.97,0.0,3.42,-21
2026-08-07T16:11:11,3652776,2.36,0.76,0.0,3.26,-21
2026-08-07T16:11:27,3669385,3.41,1.98,0.0,3.68,-23
2026-08-07T16:11:46,3687862,5.44,5.23,0.0,3.14,-22
2026-08-07T16:12:03,3704745,3.34,2.07,0.0,3.57,-21
2026-08-07T16:12:20,3722143,9.4,10.83,0.0,3.43,-21
2026-08-07T16:12:37,3739375,2.86,1.23,0.0,3.47,-22
2026-08-07T16:12:54,3755986,3.29,2.13,0.0,3.66,-21
2026-08-07T16:13:12,3773765,3.63,2.63,0.0,3.3,-21
2026-08-07T16:13:30,3791732,2.22,0.41,0.0,3.26,-20
2026-08-07T16:13:46,3808606,2.42,1.0,0.0,3.56,-20
2026-08-07T16:14:03,3824932,2.77,0.95,0.0,3.74,-21
2026-08-07T16:14:21,3842875,2.79,0.45,0.0,3.27,-22
2026-08-07T16:14:38,3860137,5.83,4.22,0.0,3.46,-21
2026-08-07T16:14:55,3877082,3.4,2.14,0.0,3.54,-22
2026-08-07T16:15:11,3893559,2.46,0.43,0.0,3.68,-20
2026-08-07T16:15:29,3911053,7.03,10.13,0.0,3.38,-21
2026-08-07T16:15:46,3928323,2.68,0.59,0.0,3.44,-21
2026-08-07T16:16:03,3944899,3.2,1.42,0.0,3.67,-21
2026-08-07T16:16:19,3961368,3.03,1.02,0.0,3.71,-21
2026-08-07T16:16:37,3979556,7.18,7.09,0.0,3.23,-20
2026-08-07T16:16:54,3995995,4.86,4.99,0.0,3.74,-21
2026-08-07T16:17:11,4012985,3.28,1.54,0.0,3.54,-21
2026-08-07T16:17:30,4032304,3.04,0.96,0.0,2.92,-23
2026-08-07T16:17:53,4055151,9.27,13.65,0.0,2.35,-22
2026-08-07T16:18:09,4071597,2.89,1.02,0.0,3.71,-20
2026-08-07T16:18:26,4088213,3.16,1.33,0.0,3.65,-23
2026-08-07T16:18:43,4104836,3.0,1.49,0.0,3.7,-23
2026-08-07T16:19:03,4125424,3.66,2.22,0.0,2.69,-24
2026-08-07T16:19:20,4141846,2.13,0.45,0.0,3.71,-21
2026-08-07T16:19:36,4158528,2.78,0.7,0.0,3.63,-24
2026-08-07T16:19:55,4177048,6.19,2.81,0.0,3.16,-20
2026-08-07T16:20:13,4194804,2.58,1.07,0.0,3.3,-21
2026-08-07T16:20:39,4221274,2.82,1.03,0.0,1.92,-22
2026-08-07T16:20:56,4237707,3.58,1.87,0.0,3.7,-23
2026-08-07T16:21:15,4257018,5.46,5.63,0.0,2.95,-21
2026-08-07T16:21:34,4275686,2.53,0.47,0.0,3.08,-22
2026-08-07T16:21:51,4293168,3.87,2.2,0.0,3.41,-22
2026-08-07T16:22:08,4310226,3.14,1.21,0.0,3.51,-23
2026-08-07T16:22:25,4327087,2.82,1.23,0.0,3.56,-22
2026-08-07T16:22:43,4345114,10.77,16.15,0.0,3.26,-22
2026-08-07T16:23:03,4364675,2.84,0.62,0.0,2.88,-22
2026-08-07T16:23:21,4383109,2.8,0.94,0.0,3.13,-22
2026-08-07T16:23:38,4399873,2.5,0.62,0.0,3.6,-23
2026-08-07T16:23:54,4416661,2.91,0.81,0.0,3.6,-23
2026-08-07T16:24:18,4440566,4.53,4.09,0.0,2.2,-22
2026-08-07T16:24:36,4458497,5.66,4.5,0.0,3.28,-23
2026-08-07T16:24:53,4475146,2.33,0.21,0.0,3.66,-21
2026-08-07T16:25:14,4495680,3.62,1.89,0.0,2.69,-21
2026-08-07T16:25:32,4514181,6.09,6.66,0.0,3.13,-22
2026-08-07T16:25:49,4530871,4.64,3.02,0.0,3.66,-22
2026-08-07T16:26:07,4549015,3.32,1.55,0.0,3.2,-21
2026-08-07T16:26:24,4565889,2.81,1.02,0.0,3.59,-22
2026-08-07T16:26:42,4584490,2.48,0.83,0.0,3.09,-22
2026-08-07T16:27:00,4602084,5.16,5.59,0.0,3.36,-21
2026-08-07T16:27:17,4619116,4.33,3.37,0.0,3.53,-22
2026-08-07T16:27:34,4636339,5.05,4.64,0.0,3.49,-22
2026-08-07T16:27:52,4654473,2.96,0.96,0.0,3.21,-22
2026-08-07T16:28:10,4671739,2.71,0.95,0.0,3.44,-22
2026-08-07T16:28:28,4689894,8.86,9.65,0.0,3.21,-22
2026-08-07T16:28:45,4706836,6.66,6.23,0.0,3.55,-23
2026-08-07T16:29:02,4723809,2.68,1.42,0.0,3.55,-21
2026-08-07T16:29:19,4741045,2.84,0.92,0.0,3.45,-21
2026-08-07T16:29:36,4758101,2.42,0.76,0.0,3.53,-23
2026-08-07T16:29:54,4775712,8.82,8.81,0.0,3.37,-24
2026-08-07T16:30:11,4793540,2.51,0.5,0.0,3.29,-22
2026-08-07T16:30:28,4810054,2.39,0.7,0.0,3.68,-24
2026-08-07T16:30:45,4826959,2.98,1.49,0.0,3.58,-22
2026-08-07T16:31:02,4844077,2.53,0.97,0.0,3.51,-22
2026-08-07T16:31:19,4861309,5.32,5.26,0.0,3.46,-25
2026-08-07T16:31:36,4878479,2.68,1.03,0.0,3.47,-22
2026-08-07T16:31:53,4895128,2.92,1.3,0.0,3.65,-22
2026-08-07T16:32:10,4912000,3.15,1.36,0.0,3.56,-22
2026-08-07T16:32:26,4928633,2.84,0.72,0.0,3.65,-21
2026-08-07T16:32:43,4945666,3.15,1.55,0.0,3.54,-22
2026-08-07T16:33:00,4962537,3.18,1.37,0.0,3.58,-22
2026-08-07T16:33:17,4979302,2.85,1.09,0.0,3.62,-22
2026-08-07T16:33:34,4996434,2.84,1.4,0.0,3.48,-22
2026-08-07T16:33:51,5012795,4.07,2.96,0.0,3.76,-20
2026-08-07T16:34:07,5029389,3.07,1.71,0.0,3.68,-22
2026-08-07T16:34:24,5046344,2.29,0.14,0.0,3.56,-22
2026-08-07T16:34:41,5063494,4.65,3.82,0.0,3.48,-22
2026-08-07T16:34:58,5080561,5.93,4.38,0.0,3.53,-22
2026-08-07T16:35:15,5097006,2.76,1.3,0.0,3.71,-22
2026-08-07T16:35:31,5113691,2.93,1.7,0.0,3.64,-22
2026-08-07T16:35:48,5130204,3.18,1.76,0.0,3.7,-21
2026-08-07T16:36:04,5146544,2.97,1.35,0.0,3.75,-21
2026-08-07T16:36:21,5163220,2.43,0.72,0.0,3.65,-23
2026-08-07T16:36:37,5179568,2.1,0.56,0.0,3.73,-21
2026-08-07T16:36:54,5195931,2.59,1.48,0.0,3.74,-21
2026-08-07T16:37:10,5212397,3.32,2.56,0.0,3.71,-21
2026-08-07T16:37:27,5229115,3.15,1.02,0.0,3.61,-23
2026-08-07T16:37:44,5245931,3.68,1.27,0.0,3.6,-21
2026-08-07T16:38:00,5262395,2.9,1.18,0.0,3.7,-21
2026-08-07T16:38:17,5278860,3.02,1.16,0.0,3.71,-22
2026-08-07T16:38:33,5295224,2.63,0.59,0.0,3.75,-21
2026-08-07T16:38:49,5311642,3.12,1.55,0.0,3.71,-22
2026-08-07T16:39:06,5328090,2.77,0.98,0.0,3.72,-23
2026-08-07T16:39:22,5344618,2.91,0.75,0.0,3.68,-23
2026-08-07T16:39:39,5361229,2.71,1.12,0.0,3.66,-22
2026-08-07T16:39:55,5377553,2.92,0.95,0.0,3.76,-21
2026-08-07T16:40:12,5394275,2.76,0.79,0.0,3.64,-20
2026-08-07T16:40:28,5410688,2.71,0.88,0.0,3.72,-21
2026-08-07T16:40:45,5427137,2.36,0.46,0.0,3.71,-20
2026-08-07T16:41:01,5443495,2.17,0.35,0.0,3.73,-22
2026-08-07T16:41:18,5460049,3.31,1.58,0.0,3.7,-23
2026-08-07T16:41:34,5476614,2.46,0.59,0.0,3.67,-21
2026-08-07T16:41:51,5493209,2.39,0.79,0.0,3.67,-21
2026-08-07T16:42:11,5513462,2.76,0.99,0.0,2.75,-21
2026-08-07T16:42:35,5537131,3.75,2.6,0.0,2.23,-24
2026-08-07T16:43:05,5566945,7.05,4.68,0.0,1.66,-21
2026-08-07T16:43:33,5595331,17.44,28.18,0.0,1.78,-23
2026-08-07T16:44:01,5622902,8.75,12.17,0.0,1.83,-21
2026-08-07T16:44:24,5646121,6.09,5.4,0.0,2.29,-22
2026-08-07T16:44:42,5664421,3.93,2.72,0.0,3.17,-21
2026-08-07T16:45:01,5683186,6.04,5.16,0.0,3.05,-23
2026-08-07T16:45:24,5706516,5.76,5.31,0.0,2.29,-23
2026-08-07T16:45:48,5730216,5.66,3.86,0.0,2.25,-22
2026-08-07T16:46:19,5760803,7.42,5.58,0.0,1.61,-22
2026-08-07T16:46:54,5796109,19.16,17.85,0.0,1.36,-22
2026-08-07T16:47:31,5833417,7.34,8.44,0.0,1.27,-21
2026-08-07T16:48:11,5873292,35.45,20.76,0.0,1.19,-26
2026-08-07T16:48:46,5908567,4.49,3.08,0.0,1.35,-45
2026-08-07T16:49:19,5940960,12.74,12.03,0.0,1.5,-59
2026-08-07T16:49:45,5967628,7.87,7.35,0.0,1.91,-51
2026-08-07T16:50:14,5996155,8.03,6.95,0.0,1.75,-54
2026-08-07T16:50:39,6021580,7.81,7.83,0.0,2.03,-57
2026-08-07T16:51:03,6045021,15.03,17.52,0.0,2.28,-58
2026-08-07T16:51:20,6062059,2.84,1.71,0.0,3.5,-58
2026-08-07T16:51:37,6079277,3.33,1.44,0.0,3.47,-59
2026-08-07T16:51:54,6096071,2.22,0.44,0.0,3.58,-57
2026-08-07T16:52:12,6113871,3.62,1.91,0.0,3.3,-54
2026-08-07T16:52:29,6131539,2.41,0.29,0.0,3.34,-54
2026-08-07T16:52:47,6149641,2.83,0.89,0.0,3.26,-56
2026-08-07T16:53:05,6167067,3.41,1.48,0.0,3.4,-53
2026-08-07T16:53:22,6184624,3.42,1.14,0.0,3.39,-53
2026-08-07T16:53:40,6201826,3.11,1.07,0.0,3.47,-53
2026-08-07T16:53:57,6218959,3.28,1.14,0.0,3.48,-54
2026-08-07T16:54:14,6235884,2.88,1.1,0.0,3.55,-53
2026-08-07T16:54:31,6252870,3.13,0.64,0.0,3.56,-55
2026-08-07T16:54:47,6269630,2.54,0.85,0.0,3.6,-52
2026-08-07T16:55:04,6286352,3.23,1.69,0.0,3.61,-52
2026-08-07T16:55:21,6303380,2.72,1.12,0.0,3.52,-54
2026-08-07T16:55:38,6320276,3.86,2.89,0.0,3.55,-51
2026-08-07T16:55:55,6337101,3.55,1.51,0.0,3.57,-50
2026-08-07T16:56:12,6353982,3.44,1.53,0.0,3.58,-52
2026-08-07T16:56:29,6371099,2.23,0.34,0.0,3.51,-52
2026-08-07T16:56:46,6388021,3.56,2.59,0.0,3.56,-53
2026-08-07T16:57:03,6404809,3.04,1.1,0.0,3.6,-51
2026-08-07T16:57:20,6421989,3.46,2.73,0.0,3.47,-55
2026-08-07T16:57:37,6438930,3.32,1.06,0.0,3.56,-53
2026-08-07T16:57:54,6455952,3.13,1.25,0.0,3.52,-51
2026-08-07T16:58:11,6473169,3.1,1.45,0.0,3.49,-51
2026-08-07T16:58:28,6490365,2.6,0.44,0.0,3.47,-51
2026-08-07T16:58:45,6507087,3.13,1.34,0.0,3.61,-52
2026-08-07T16:59:02,6524254,3.68,1.93,0.0,3.49,-52
2026-08-07T16:59:19,6541412,2.77,1.32,0.0,3.47,-49
2026-08-07T16:59:36,6558419,2.53,0.54,0.0,3.53,-51
2026-08-07T16:59:53,6575032,3.38,1.01,0.0,3.64,-51
2026-08-07T17:00:10,6592008,2.87,1.25,0.0,3.53,-51
2026-08-07T17:00:27,6608779,2.92,0.5,0.0,3.59,-51
2026-08-07T17:00:43,6625466,3.93,2.15,0.0,3.62,-51
2026-08-07T17:01:00,6642463,2.57,0.39,0.0,3.54,-51
2026-08-07T17:01:17,6659617,2.73,0.61,0.0,3.49,-51
2026-08-07T17:01:38,6679968,9.49,6.87,0.0,2.76,-52
2026-08-07T17:01:55,6697353,2.98,2.31,0.0,3.42,-48
2026-08-07T17:02:12,6714640,2.96,1.0,0.0,3.45,-56
2026-08-07T17:02:30,6731792,3.02,1.59,0.0,3.5,-56
2026-08-07T17:02:47,6748937,5.85,3.66,0.0,3.49,-57
2026-08-07T17:03:04,6766144,2.7,0.58,0.0,3.48,-60
2026-08-07T17:03:21,6783363,2.41,0.28,0.0,3.46,-59
2026-08-07T17:03:38,6800606,3.28,1.72,0.0,3.46,-55
2026-08-07T17:03:55,6817692,2.76,1.08,0.0,3.53,-67
2026-08-07T17:04:12,6834672,2.87,0.93,0.0,3.54,-54
2026-08-07T17:04:30,6852457,2.61,0.68,0.0,3.33,-54
2026-08-07T17:04:51,6873136,8.4,8.2,0.0,2.68,-53
2026-08-07T17:05:16,6898582,6.33,6.97,0.0,2.03,-53
2026-08-07T17:05:48,6929990,16.25,13.01,0.0,1.57,-53
2026-08-07T17:06:05,6947124,3.05,1.37,0.0,3.51,-53
2026-08-07T17:06:22,6964164,2.81,0.82,0.0,3.52,-54
2026-08-07T17:06:39,6981207,3.01,1.28,0.0,3.51,-53
2026-08-07T17:06:56,6998240,2.74,0.92,0.0,3.53,-53
2026-08-07T17:07:13,7015348,2.78,1.34,0.0,3.5,-54
2026-08-07T17:07:31,7032890,3.03,1.29,0.0,3.37,-54
2026-08-07T17:07:48,7050001,3.03,1.19,0.0,3.51,-55
2026-08-07T17:08:05,7067041,3.61,1.84,0.0,3.54,-54
2026-08-07T17:08:22,7084438,2.49,0.45,0.0,3.4,-54
2026-08-07T17:08:39,7101456,2.27,0.43,0.0,3.53,-54
2026-08-07T17:08:56,7118417,3.26,1.29,0.0,3.54,-54
2026-08-07T17:09:13,7135573,2.97,1.11,0.0,3.5,-54
2026-08-07T17:09:30,7152592,2.71,0.62,0.0,3.52,-54
2026-08-07T17:09:48,7170041,12.5,18.12,0.0,3.42,-56
2026-08-07T17:10:07,7189181,31.43,23.81,0.0,3.13,-55
2026-08-07T17:10:24,7206304,2.68,0.44,0.0,3.48,-54
2026-08-07T17:10:42,7223803,4.35,3.46,0.0,3.37,-54
2026-08-07T17:10:58,7240725,3.29,1.76,0.0,3.57,-54
2026-08-07T17:11:15,7257508,3.23,1.43,0.0,3.59,-54
2026-08-07T17:11:32,7274582,4.89,2.98,0.0,3.51,-55
2026-08-07T17:11:50,7291821,2.98,0.97,0.0,3.47,-54
2026-08-07T17:12:07,7308817,3.52,1.93,0.0,3.53,-54
2026-08-07T17:12:23,7325726,3.06,1.35,0.0,3.57,-54
2026-08-07T17:12:40,7342639,2.72,0.67,0.0,3.56,-54
2026-08-07T17:12:57,7359476,3.1,1.56,0.0,3.58,-54
2026-08-07T17:13:14,7376366,2.8,1.27,0.0,3.58,-54
2026-08-07T17:13:31,7393653,3.12,1.65,0.0,3.55,-54
2026-08-07T17:13:49,7410859,2.93,1.08,0.0,3.49,-55
2026-08-07T17:14:07,7429567,2.4,0.29,0.0,3.06,-55
2026-08-07T17:14:25,7447149,3.27,1.42,0.0,3.36,-57
2026-08-07T17:14:42,7464011,3.14,1.87,0.0,3.57,-55
2026-08-07T17:14:59,7480772,2.87,1.28,0.0,3.59,-54
2026-08-07T17:15:15,7497461,4.16,2.19,0.0,3.63,-54
2026-08-07T17:15:32,7514395,3.41,0.99,0.0,3.55,-55
2026-08-07T17:15:49,7531266,2.82,0.98,0.0,3.56,-55
2026-08-07T17:16:06,7548019,3.0,1.58,0.0,3.6,-55
2026-08-07T17:16:23,7564805,2.57,0.68,0.0,3.61,-54
2026-08-07T17:16:39,7581517,2.98,0.85,0.0,3.63,-54
2026-08-07T17:16:56,7598216,2.37,0.38,0.0,3.63,-55
2026-08-07T17:17:13,7614888,2.15,0.33,0.0,3.64,-54
2026-08-07T17:17:29,7631769,2.64,1.0,0.0,3.57,-54
2026-08-07T17:17:47,7649576,3.05,1.37,0.0,3.3,-54
2026-08-07T17:18:04,7666330,2.69,1.15,0.0,3.63,-54
2026-08-07T17:18:21,7683041,2.79,1.05,0.0,3.62,-56
2026-08-07T17:18:38,7699941,3.51,1.15,0.0,3.58,-52
2026-08-07T17:18:54,7716597,2.54,0.69,0.0,3.63,-54
2026-08-07T17:19:12,7734253,6.57,5.43,0.0,3.43,-54
2026-08-07T17:19:29,7751232,3.04,1.19,0.0,3.56,-54
2026-08-07T17:19:47,7769736,3.39,1.51,0.0,3.11,-54
2026-08-07T17:20:04,7786578,3.16,1.87,0.0,3.57,-53
2026-08-07T17:20:21,7803262,2.44,0.31,0.0,3.65,-55
2026-08-07T17:20:39,7821512,2.37,0.62,0.0,3.17,-54
2026-08-07T17:20:56,7838228,2.6,0.69,0.0,3.64,-56
2026-08-07T17:21:13,7854902,2.65,0.73,0.0,3.64,-55
2026-08-07T17:21:29,7871775,2.72,0.97,0.0,3.58,-55
2026-08-07T17:21:46,7888480,3.08,1.7,0.0,3.61,-57
2026-08-07T17:22:03,7905315,2.69,0.83,0.0,3.6,-55
2026-08-07T17:22:20,7922027,2.28,0.21,0.0,3.61,-57
2026-08-07T17:22:37,7939038,3.02,1.53,0.0,3.51,-56
2026-08-07T17:22:53,7955643,3.56,2.35,0.0,3.65,-57
2026-08-07T17:23:10,7972393,2.68,0.74,0.0,3.63,-57
2026-08-07T17:23:27,7989418,3.18,1.47,0.0,3.53,-56
2026-08-07T17:23:44,8006347,2.9,1.16,0.0,3.55,-56
2026-08-07T17:24:01,8023124,3.67,1.96,0.0,3.59,-55
2026-08-07T17:24:18,8039927,3.35,1.05,0.0,3.6,-54
2026-08-07T17:24:34,8056734,2.36,0.34,0.0,3.61,-55
2026-08-07T17:24:54,8076778,3.65,0.96,0.0,2.79,-55
2026-08-07T17:25:11,8093715,3.1,1.16,0.0,3.54,-54
2026-08-07T17:25:28,8110649,2.76,1.37,0.0,3.54,-57
2026-08-07T17:25:46,8127899,2.65,0.74,0.0,3.45,-54
2026-08-07T17:26:03,8144821,3.6,1.85,0.0,3.57,-54
2026-08-07T17:26:20,8162035,2.83,0.68,0.0,3.47,-54
2026-08-07T17:26:37,8179046,2.85,0.57,0.0,3.53,-54
2026-08-07T17:26:54,8196021,3.2,2.05,0.0,3.54,-55
2026-08-07T17:27:11,8212946,3.36,1.92,0.0,3.56,-54
2026-08-07T17:27:28,8230053,3.53,2.06,0.0,3.5,-55
2026-08-07T17:27:45,8247033,2.96,1.08,0.0,3.54,-55
2026-08-07T17:28:02,8263855,2.37,0.39,0.0,3.59,-56
2026-08-07T17:28:18,8280614,3.23,2.16,0.0,3.6,-55
2026-08-07T17:28:35,8297562,3.21,1.23,0.0,3.55,-54
2026-08-07T17:28:52,8314537,2.63,1.27,0.0,3.56,-57
2026-08-07T17:29:09,8331504,3.12,1.66,0.0,3.54,-54
2026-08-07T17:29:26,8348612,3.25,1.5,0.0,3.5,-53
2026-08-07T17:29:43,8365721,2.59,0.7,0.0,3.5,-54
2026-08-07T17:30:00,8382599,2.6,0.59,0.0,3.57,-54
2026-08-07T17:30:17,8399482,3.02,1.37,0.0,3.58,-54
2026-08-07T17:30:34,8416393,3.36,1.44,0.0,3.57,-54
2026-08-07T17:30:51,8433112,3.05,1.63,0.0,3.61,-55
2026-08-07T17:31:08,8450051,3.17,1.22,0.0,3.55,-54
2026-08-07T17:31:25,8466935,2.77,0.96,0.0,3.58,-54
2026-08-07T17:31:42,8484129,2.77,1.24,0.0,3.49,-54
2026-08-07T17:31:59,8501109,2.68,0.95,0.0,3.53,-54
2026-08-07T17:32:17,8518824,3.72,2.38,0.0,3.32,-54
2026-08-07T17:32:34,8536375,7.66,7.48,0.0,3.37,-54
2026-08-07T17:32:51,8553417,6.06,3.95,0.0,3.51,-53
2026-08-07T17:33:08,8570736,4.24,4.54,0.0,3.43,-54
2026-08-07T17:33:26,8587815,2.63,0.9,0.0,3.51,-55
2026-08-07T17:33:43,8604937,2.92,1.17,0.0,3.5,-54
2026-08-07T17:34:00,8622244,2.61,0.54,0.0,3.44,-54
2026-08-07T17:34:17,8639296,3.16,1.59,0.0,3.51,-54
2026-08-07T17:34:34,8656313,3.0,1.78,0.0,3.54,-54
2026-08-07T17:34:51,8673236,3.18,1.23,0.0,3.55,-54
2026-08-07T17:35:08,8690411,3.08,1.37,0.0,3.48,-55
2026-08-07T17:35:26,8707929,3.13,1.56,0.0,3.38,-54
2026-08-07T17:35:43,8725098,3.23,1.29,0.0,3.49,-53
2026-08-07T17:36:00,8742172,3.28,1.58,0.0,3.53,-55
2026-08-07T17:36:17,8759343,3.24,1.73,0.0,3.48,-54
2026-08-07T17:36:34,8776201,3.18,1.05,0.0,3.58,-54
2026-08-07T17:36:51,8793352,3.48,1.76,0.0,3.5,-54
2026-08-07T17:37:09,8811681,2.52,0.35,0.0,3.15,-54
2026-08-07T17:37:28,8829968,3.22,2.38,0.0,3.17,-55
2026-08-07T17:37:46,8848292,3.36,1.55,0.0,3.17,-55
2026-08-07T17:38:03,8865481,2.78,1.06,0.0,3.49,-54
2026-08-07T17:38:20,8882607,3.56,2.22,0.0,3.48,-54
2026-08-07T17:38:37,8899428,2.78,0.83,0.0,3.6,-54
2026-08-07T17:38:54,8916468,2.96,1.18,0.0,3.52,-55
2026-08-07T17:39:11,8933234,2.93,1.09,0.0,3.6,-54
2026-08-07T17:39:28,8950395,3.24,1.07,0.0,3.47,-55
2026-08-07T17:39:45,8967330,3.03,0.97,0.0,3.54,-55
2026-08-07T17:40:03,8985137,3.51,2.13,0.0,3.3,-54
2026-08-07T17:40:21,9003266,6.54,7.14,0.0,3.22,-54
2026-08-07T17:40:38,9020071,3.07,1.06,0.0,3.6,-55
2026-08-07T17:40:55,9037076,2.44,0.47,0.0,3.53,-55
2026-08-07T17:41:12,9054003,2.83,0.52,0.0,3.54,-55
2026-08-07T17:41:29,9071165,3.35,2.5,0.0,3.47,-55
2026-08-07T17:41:46,9088016,2.47,0.43,0.0,3.58,-54
2026-08-07T17:42:03,9105155,2.93,0.79,0.0,3.54,-54
2026-08-07T17:42:20,9122206,2.71,0.73,0.0,3.5,-55
2026-08-07T17:42:37,9139246,2.84,0.92,0.0,3.54,-54
2026-08-07T17:42:54,9156206,3.19,1.12,0.0,3.54,-55
2026-08-07T17:43:11,9173274,2.54,0.86,0.0,3.5,-55
2026-08-07T17:43:28,9190326,3.87,1.51,0.0,3.51,-54
2026-08-07T17:43:46,9207830,3.09,0.94,0.0,3.39,-54
2026-08-07T17:44:03,9224873,3.21,1.79,0.0,3.53,-54
2026-08-07T17:44:20,9242019,3.66,1.46,0.0,3.49,-54
2026-08-07T17:44:37,9258860,3.03,0.98,0.0,3.57,-54
2026-08-07T17:44:53,9275811,3.43,1.23,0.0,3.54,-55
2026-08-07T17:45:12,9294101,7.44,5.07,0.0,3.19,-54
2026-08-07T17:45:29,9311490,3.26,1.69,0.0,3.45,-54
2026-08-07T17:45:47,9328878,3.79,2.17,0.0,3.4,-54
2026-08-07T17:46:04,9346648,3.0,0.69,0.0,3.32,-54
2026-08-07T17:46:21,9363664,2.82,1.21,0.0,3.52,-55
2026-08-07T17:46:39,9381502,3.51,2.17,0.0,3.28,-54
2026-08-07T17:46:57,9398836,3.55,1.53,0.0,3.45,-53
2026-08-07T17:47:14,9416028,3.47,2.04,0.0,3.48,-55
2026-08-07T17:47:33,9435195,3.2,1.26,0.0,2.97,-54
2026-08-07T17:47:50,9452213,2.92,1.06,0.0,3.52,-56
2026-08-07T17:48:07,9469200,2.37,0.33,0.0,3.53,-55
2026-08-07T17:48:25,9487453,3.38,1.75,0.0,3.18,-52
2026-08-07T17:48:43,9505035,3.3,1.57,0.0,3.35,-58
2026-08-07T17:49:00,9521994,2.41,0.99,0.0,3.58,-59
2026-08-07T17:49:17,9539229,4.19,1.87,0.0,3.48,-66
2026-08-07T17:49:34,9556246,3.58,1.94,0.0,3.52,-57
2026-08-07T17:49:51,9573519,2.99,1.27,0.0,3.45,-58
2026-08-07T17:50:08,9590711,3.68,1.74,0.0,3.49,-61
2026-08-07T17:50:25,9607739,4.02,2.71,0.0,3.54,-58
2026-08-07T17:50:43,9624854,3.02,1.28,0.0,3.48,-56
2026-08-07T17:51:00,9642254,2.77,0.69,0.0,3.42,-66
2026-08-07T17:51:17,9659215,3.61,2.9,0.0,3.55,-64
2026-08-07T17:51:34,9676306,2.59,0.75,0.0,3.5,-60
2026-08-07T17:51:51,9693088,2.91,1.52,0.0,3.59,-57
2026-08-07T17:52:08,9709931,3.47,2.52,0.0,3.57,-58
2026-08-07T17:52:25,9727007,2.83,1.32,0.0,3.52,-58
2026-08-07T17:52:42,9743932,2.43,0.5,0.0,3.57,-58
2026-08-07T17:52:59,9760908,3.55,1.12,0.0,3.55,-60
2026-08-07T17:53:16,9778209,3.32,0.83,0.0,3.43,-55
2026-08-07T17:53:33,9795266,2.77,0.8,0.0,3.5,-56
2026-08-07T17:53:50,9812084,2.95,1.17,0.0,3.59,-68
2026-08-07T17:54:07,9829094,3.66,2.82,0.0,3.52,-63
2026-08-07T17:54:24,9846195,3.0,1.21,0.0,3.52,-52
2026-08-07T17:54:41,9863111,2.8,0.75,0.0,3.58,-52
2026-08-07T17:54:58,9880192,2.65,1.34,0.0,3.52,-52
2026-08-07T17:55:15,9897120,3.06,1.35,0.0,3.56,-52
2026-08-07T17:55:32,9914592,3.5,1.07,0.0,3.4,-59
2026-08-07T17:55:49,9931476,3.51,1.7,0.0,3.56,-57
2026-08-07T17:56:06,9948207,3.0,1.62,0.0,3.6,-58
2026-08-07T17:56:23,9965003,4.44,2.96,0.0,3.6,-60
2026-08-07T17:56:40,9982256,3.47,1.75,0.0,3.47,-53
2026-08-07T17:56:57,9999479,3.0,0.59,0.0,3.45,-56
2026-08-07T17:57:15,10016952,3.08,1.75,0.0,3.38,-55
2026-08-07T17:57:32,10034600,3.96,1.78,0.0,3.35,-59
2026-08-07T17:57:49,10051799,3.57,1.36,0.0,3.46,-60
2026-08-07T17:58:07,10069086,3.62,1.29,0.0,3.44,-60
2026-08-07T17:58:24,10086152,3.2,1.03,0.0,3.51,-61
2026-08-07T17:58:41,10103471,2.54,0.78,0.0,3.45,-59
2026-08-07T17:58:58,10120232,4.59,3.59,0.0,3.6,-52
2026-08-07T17:59:15,10137312,3.06,1.78,0.0,3.5,-55
2026-08-07T17:59:32,10154245,3.16,1.34,0.0,3.54,-57
2026-08-07T17:59:49,10171238,3.41,1.46,0.0,3.52,-58
2026-08-07T18:00:06,10188362,3.91,2.17,0.0,3.51,-52
2026-08-07T18:00:23,10205275,3.71,1.37,0.0,3.55,-54
2026-08-07T18:00:40,10222253,2.81,1.13,0.0,3.54,-66
2026-08-07T18:00:57,10239394,2.62,1.18,0.0,3.48,-62
2026-08-07T18:01:14,10256512,3.02,1.44,0.0,3.49,-63
2026-08-07T18:01:31,10273624,2.72,0.99,0.0,3.49,-63
2026-08-07T18:01:49,10290887,2.21,0.67,0.0,3.44,-62
2026-08-07T18:02:06,10308343,3.35,1.61,0.0,3.4,-56
2026-08-07T18:02:23,10325335,3.51,3.04,0.0,3.52,-65
2026-08-07T18:02:41,10343259,3.0,1.2,0.0,3.28,-63
2026-08-07T18:02:59,10361758,3.2,1.27,0.0,3.11,-64
2026-08-07T18:03:17,10379170,3.0,1.17,0.0,3.41,-60
2026-08-07T18:03:34,10396645,4.06,4.02,0.0,3.42,-65
2026-08-07T18:03:52,10413973,3.38,1.57,0.0,3.44,-65
2026-08-07T18:04:09,10431160,2.31,0.18,0.0,3.48,-61
2026-08-07T18:04:26,10448403,3.66,2.48,0.0,3.47,-61
2026-08-07T18:04:43,10465306,3.11,1.1,0.0,3.55,-57
2026-08-07T18:05:00,10482783,3.9,2.74,0.0,3.38,-63
2026-08-07T18:05:18,10500056,2.93,1.22,0.0,3.45,-63
2026-08-07T18:05:36,10518016,4.32,2.31,0.0,3.27,-61
2026-08-07T18:05:54,10536089,3.68,1.08,0.0,3.23,-54
2026-08-07T18:06:12,10554262,3.13,1.17,0.0,3.22,-55
2026-08-07T18:06:30,10572128,3.68,1.47,0.0,3.27,-56
2026-08-07T18:06:47,10589578,3.12,1.04,0.0,3.42,-62
2026-08-07T18:07:05,10607185,3.2,1.54,0.0,3.36,-58
2026-08-07T18:07:22,10624746,3.34,1.25,0.0,3.37,-54
2026-08-07T18:07:40,10642075,4.17,2.12,0.0,3.45,-52
2026-08-07T18:07:57,10659015,2.49,0.39,0.0,3.57,-59
2026-08-07T18:08:14,10676198,2.63,0.64,0.0,3.48,-57
2026-08-07T18:08:31,10693153,3.91,3.19,0.0,3.54,-55
2026-08-07T18:08:48,10709927,3.35,1.46,0.0,3.6,-53
2026-08-07T18:09:05,10726925,2.58,0.54,0.0,3.53,-54
2026-08-07T18:09:22,10744256,3.76,2.75,0.0,3.43,-57
2026-08-07T18:09:39,10761440,3.01,1.7,0.0,3.47,-56
2026-08-07T18:09:56,10778449,3.18,1.43,0.0,3.52,-52
2026-08-07T18:10:13,10795315,2.77,1.29,0.0,3.57,-55
2026-08-07T18:10:30,10812094,3.02,0.73,0.0,3.59,-53
2026-08-07T18:10:47,10829083,2.71,0.75,0.0,3.53,-55
2026-08-07T18:11:04,10845959,3.63,1.97,0.0,3.58,-59
2026-08-07T18:11:21,10863210,2.62,0.62,0.0,3.47,-61
2026-08-07T18:11:38,10880463,3.09,1.25,0.0,3.46,-53
2026-08-07T18:11:55,10897253,2.71,0.78,0.0,3.59,-57
2026-08-07T18:12:12,10914067,4.09,3.1,0.0,3.59,-58
2026-08-07T18:12:28,10930870,3.07,1.31,0.0,3.61,-57
2026-08-07T18:12:45,10947739,2.85,1.34,0.0,3.56,-55
2026-08-07T18:13:02,10964684,2.66,0.89,0.0,3.54,-60
2026-08-07T18:13:20,10982166,3.21,1.14,0.0,3.39,-55
2026-08-07T18:13:37,10999261,2.85,0.58,0.0,3.52,-58
2026-08-07T18:13:54,11016339,3.43,1.22,0.0,3.5,-57
2026-08-07T18:14:11,11033563,2.63,0.87,0.0,3.46,-56
2026-08-07T18:14:28,11050664,4.16,1.58,0.0,3.52,-55
2026-08-07T18:14:45,11067757,2.73,0.74,0.0,3.49,-54
2026-08-07T18:15:03,11084904,2.54,0.45,0.0,3.48,-57
2026-08-07T18:15:20,11102035,2.3,0.93,0.0,3.5,-59
2026-08-07T18:15:37,11119472,4.19,3.28,0.0,3.43,-59
2026-08-07T18:15:54,11136151,2.91,0.85,0.0,3.62,-55
2026-08-07T18:16:11,11153385,3.53,1.52,0.0,3.45,-59
2026-08-07T18:16:29,11170899,3.28,0.91,0.0,3.36,-55
2026-08-07T18:16:45,11187820,3.16,1.17,0.0,3.57,-56
2026-08-07T18:17:03,11205078,2.99,1.25,0.0,3.46,-56
2026-08-07T18:17:22,11223881,2.89,1.99,0.0,3.06,-56
2026-08-07T18:17:39,11241487,3.78,3.05,0.0,3.34,-60
2026-08-07T18:17:57,11259486,4.16,3.05,0.0,3.24,-56
2026-08-07T18:18:14,11276511,3.62,2.28,0.0,3.52,-52
2026-08-07T18:18:32,11293954,3.0,1.01,0.0,3.39,-57
2026-08-07T18:18:49,11311112,3.47,2.01,0.0,3.48,-56
2026-08-07T18:19:07,11328964,2.21,0.58,0.0,3.32,-58
2026-08-07T18:19:24,11346659,3.76,1.89,0.0,3.32,-54
2026-08-07T18:19:41,11363572,2.73,0.67,0.0,3.56,-57
2026-08-07T18:19:58,11380349,3.28,1.68,0.0,3.6,-59
2026-08-07T18:20:15,11397225,4.04,1.76,0.0,3.57,-58
2026-08-07T18:20:32,11414600,3.73,2.19,0.0,3.43,-62
2026-08-07T18:20:50,11431897,3.42,1.55,0.0,3.46,-59
2026-08-07T18:21:08,11450436,10.93,4.75,0.0,3.13,-57
2026-08-07T18:21:29,11470906,6.81,5.66,0.0,2.72,-61
2026-08-07T18:21:46,11488047,2.71,1.13,0.0,3.48,-63
2026-08-07T18:22:03,11505113,3.61,2.46,0.0,3.5,-64
2026-08-07T18:22:21,11523550,9.01,6.5,0.0,3.16,-61
2026-08-07T18:22:38,11540615,2.3,0.97,0.0,3.5,-63
2026-08-07T18:22:55,11557676,4.05,2.41,0.0,3.51,-59
2026-08-07T18:23:13,11575148,7.83,12.11,0.0,3.39,-59
2026-08-07T18:23:30,11592796,3.0,1.39,0.0,3.34,-59
2026-08-07T18:23:48,11610418,2.86,0.98,0.0,3.36,-60
2026-08-07T18:24:05,11627312,3.87,2.24,0.0,3.55,-54
2026-08-07T18:24:22,11644382,2.79,1.61,0.0,3.5,-57
2026-08-07T18:24:39,11661446,2.94,1.47,0.0,3.5,-55
2026-08-07T18:24:59,11681243,3.35,1.19,0.0,2.85,-54
2026-08-07T18:25:16,11698165,3.59,1.28,0.0,3.58,-60
2026-08-07T18:25:34,11716083,2.98,1.03,0.0,3.28,-55
2026-08-07T18:25:51,11733158,3.05,1.9,0.0,3.5,-56
2026-08-07T18:26:09,11751153,3.28,0.93,0.0,3.24,-56
2026-08-07T18:26:27,11768934,3.09,1.0,0.0,3.31,-58
2026-08-07T18:26:47,11788945,3.39,1.02,0.0,2.8,-56
2026-08-07T18:27:05,11807018,2.79,0.43,0.0,3.23,-61
2026-08-07T18:27:22,11824351,2.98,0.73,0.0,3.45,-60
2026-08-07T18:27:44,11846751,3.22,2.01,0.0,2.38,-58
2026-08-07T18:28:02,11864069,3.66,1.97,0.0,3.45,-54
2026-08-07T18:28:20,11881922,2.43,0.49,0.0,3.29,-55
2026-08-07T18:28:37,11899358,2.55,0.85,0.0,3.4,-53
2026-08-07T18:28:55,11916922,3.75,2.24,0.0,3.36,-53
2026-08-07T18:29:12,11934285,3.43,1.42,0.0,3.43,-58
2026-08-07T18:29:29,11951368,2.67,1.0,0.0,3.5,-56
2026-08-07T18:29:46,11968769,3.18,1.24,0.0,3.4,-53
2026-08-07T18:30:04,11986143,2.98,1.65,0.0,3.42,-55
2026-08-07T18:30:21,12003100,3.23,2.01,0.0,3.55,-60
2026-08-07T18:30:38,12020297,3.2,1.26,0.0,3.46,-56
2026-08-07T18:30:55,12037388,3.81,1.86,0.0,3.5,-58
2026-08-07T18:31:12,12054072,3.42,1.96,0.0,3.63,-59
2026-08-07T18:31:29,12071738,3.73,2.0,0.0,3.33,-52
2026-08-07T18:31:47,12089313,3.97,1.0,0.0,3.4,-56
2026-08-07T18:32:04,12106442,3.48,1.73,0.0,3.48,-61
2026-08-07T18:32:21,12123473,2.73,0.92,0.0,3.54,-58
2026-08-07T18:32:38,12140797,3.04,0.67,0.0,3.44,-56
2026-08-07T18:32:55,12157899,2.93,1.05,0.0,3.5,-60
2026-08-07T18:33:13,12175536,3.71,2.61,0.0,3.52,-55
2026-08-07T18:33:30,12192337,3.45,2.19,0.0,3.59,-56
2026-08-07T18:33:47,12209628,2.61,0.5,0.0,3.44,-56
2026-08-07T18:34:04,12226846,2.53,1.14,0.0,3.45,-56
2026-08-07T18:34:21,12243665,3.1,1.62,0.0,3.58,-54
2026-08-07T18:34:38,12260700,3.26,1.51,0.0,3.53,-54
2026-08-07T18:34:55,12277794,2.75,1.06,0.0,3.5,-55
2026-08-07T18:35:12,12294794,2.99,0.71,0.0,3.54,-52
2026-08-07T18:35:30,12312086,3.5,1.63,0.0,3.45,-52
2026-08-07T18:35:47,12329690,3.02,1.15,0.0,3.36,-52
2026-08-07T18:36:04,12346766,3.04,1.2,0.0,3.55,-51
2026-08-07T18:36:22,12364212,2.77,1.51,0.0,3.42,-59
2026-08-07T18:36:39,12381135,2.67,0.42,0.0,3.56,-53
2026-08-07T18:36:56,12398063,2.55,0.41,0.0,3.54,-58
2026-08-07T18:37:13,12415119,3.77,2.51,0.0,3.51,-58
2026-08-07T18:37:30,12432559,3.17,1.18,0.0,3.39,-54
2026-08-07T18:37:47,12449540,2.75,1.07,0.0,3.53,-60
2026-08-07T18:38:04,12466679,2.33,0.46,0.0,3.49,-65
2026-08-07T18:38:21,12483460,2.79,1.05,0.0,3.62,-60
2026-08-07T18:38:38,12500175,2.44,0.73,0.0,3.62,-58
2026-08-07T18:38:54,12516886,2.53,0.61,0.0,3.64,-57
2026-08-07T18:39:11,12533828,2.46,0.97,0.0,3.56,-56
2026-08-07T18:39:29,12551104,2.86,0.75,0.0,3.43,-60
2026-08-07T18:39:45,12567810,2.89,1.4,0.0,3.61,-58
2026-08-07T18:40:02,12584907,2.45,0.53,0.0,3.5,-57
2026-08-07T18:40:19,12601601,2.69,0.93,0.0,3.63,-57
2026-08-07T18:40:36,12618462,3.06,1.12,0.0,3.56,-58
2026-08-07T18:40:53,12635706,3.06,1.95,0.0,3.47,-62
2026-08-07T18:41:10,12652659,3.47,0.93,0.0,3.55,-59
2026-08-07T18:41:27,12669652,2.36,0.73,0.0,3.55,-62
2026-08-07T18:41:44,12686616,3.76,2.89,0.0,3.56,-60
2026-08-07T18:42:01,12703711,3.09,0.83,0.0,3.49,-60
2026-08-07T18:42:18,12720794,3.24,1.68,0.0,3.51,-68
2026-08-07T18:42:36,12737933,5.66,4.01,0.0,3.49,-60
2026-08-07T18:42:52,12754777,3.18,1.14,0.0,3.57,-56
2026-08-07T18:43:10,12772700,3.23,1.58,0.0,3.27,-54
2026-08-07T18:43:28,12789935,3.67,1.15,0.0,3.47,-56
2026-08-07T18:43:45,12807276,3.5,1.51,0.0,3.43,-58
2026-08-07T18:44:02,12824257,2.76,1.16,0.0,3.56,-58
2026-08-07T18:44:19,12841771,3.09,1.13,0.0,3.37,-61
2026-08-07T18:44:37,12859220,4.5,3.12,0.0,3.39,-59
2026-08-07T18:44:54,12876314,2.8,0.68,0.0,3.49,-63
2026-08-07T18:45:11,12893313,3.81,1.79,0.0,3.53,-59
2026-08-07T18:45:28,12910271,3.66,2.61,0.0,3.53,-64
2026-08-07T18:45:45,12927122,3.42,2.46,0.0,3.57,-60
2026-08-07T18:46:02,12944354,2.82,0.91,0.0,3.47,-62
2026-08-07T18:46:19,12961360,2.82,0.91,0.0,3.53,-58
2026-08-07T18:46:36,12978267,2.79,0.95,0.0,3.56,-60
2026-08-07T18:46:53,12995381,2.65,0.93,0.0,3.49,-70
2026-08-07T18:47:10,13012211,3.93,2.4,0.0,3.61,-51
2026-08-07T18:47:27,13029281,3.25,1.25,0.0,3.52,-52
2026-08-07T18:47:46,13048338,2.83,1.05,0.0,3.0,-52
2026-08-07T18:48:03,13065857,2.51,0.39,0.0,3.39,-52
2026-08-07T18:48:21,13083347,3.46,1.96,0.0,3.37,-51
2026-08-07T18:48:38,13100035,3.57,1.77,0.0,3.62,-52
2026-08-07T18:48:54,13116924,3.41,1.11,0.0,3.59,-53
2026-08-07T18:49:12,13133987,3.61,1.88,0.0,3.5,-53
2026-08-07T18:49:28,13150863,4.39,2.95,0.0,3.56,-59
2026-08-07T18:49:47,13169625,2.64,0.74,0.0,3.04,-59
